image_id,annotator_1,annotator_2,agreed_class_ids,box_issue,missing_object,decision,review_status
000000000142,,,,,,,pending
000000000164,,,,,,,pending
000000000241,,,,,,,pending
000000000283,,,,,,,pending
000000000328,,,,,,,pending
000000000384,,,,,,,pending
000000000387,,,,,,,pending
000000000395,,,,,,,pending
000000000486,,,,,,,pending
000000000536,,,,,,,pending
000000000560,,,,,,,pending
000000000643,,,,,,,pending
000000000036,,,,,,,pending
000000000049,,,,,,,pending
000000000061,,,,,,,pending
000000000074,,,,,,,pending
000000000077,,,,,,,pending
000000000086,,,,,,,pending
000000000009,,,,,,,pending
000000000025,,,,,,,pending
